SET IDENTITY_INSERT [dbo].[Address] ON
INSERT INTO [dbo].[Address] ([Id], [Street], [HouseNumber], [PostalCode], [City], [Country], [Municipality], [Location], [Long], [Lat]) VALUES (1, N'Aalstweg', N'1', N'5235CW', N's-Hertogenbosch', N'Nederland', N's-Hertogenbosch', geography::STGeomFromText('POINT(5.31151 51.7263)', 4326), N'5.31151', N'51.7263')
INSERT INTO [dbo].[Address] ([Id], [Street], [HouseNumber], [PostalCode], [City], [Country], [Municipality], [Location], [Long], [Lat]) VALUES (2, N'Abdijenlaan', N'1', N'5235BT', N's-Hertogenbosch', N'Nederland', N's-Hertogenbosch', geography::STGeomFromText('POINT(5.31303 51.72366)', 4326), N'5.31303', N'51.72366')
INSERT INTO [dbo].[Address] ([Id], [Street], [HouseNumber], [PostalCode], [City], [Country], [Municipality], [Location], [Long], [Lat]) VALUES (3, N'Akkerpad', N'1', N'5236VD', N's-Hertogenbosch', N'Nederland', N's-Hertogenbosch', geography::STGeomFromText('POINT(5.32371 51.73725)', 4326), N'5.32371', N'51.73725')
INSERT INTO [dbo].[Address] ([Id], [Street], [HouseNumber], [PostalCode], [City], [Country], [Municipality], [Location], [Long], [Lat]) VALUES (4, N'Ampèrestraat', N'1', N'5223CR', N's-Hertogenbosch', N'Nederland', N's-Hertogenbosch', geography::STGeomFromText('POINT(5.28738 51.69543)', 4326), N'5.28738', N'51.69543')
INSERT INTO [dbo].[Address] ([Id], [Street], [HouseNumber], [PostalCode], [City], [Country], [Municipality], [Location], [Long], [Lat]) VALUES (5, N'Anjervallei', N'1', N'5237LA', N's-Hertogenbosch', N'Nederland', N's-Hertogenbosch', geography::STGeomFromText('POINT(5.29318 51.72307)', 4326), N'5.29318', N'51.72307')
INSERT INTO [dbo].[Address] ([Id], [Street], [HouseNumber], [PostalCode], [City], [Country], [Municipality], [Location], [Long], [Lat]) VALUES (6, N'Aak', N'1', N'7833DV', N'Nieuw-Amsterdam', N'Nederland', N'Emmen', geography::STGeomFromText('POINT(6.86096 52.7167)', 4326), N'6.86096', N'52.7167')
INSERT INTO [dbo].[Address] ([Id], [Street], [HouseNumber], [PostalCode], [City], [Country], [Municipality], [Location], [Long], [Lat]) VALUES (7, N'Bark', N'1', N'7833DE', N'Nieuw-Amsterdam', N'Nederland', N'Emmen', geography::STGeomFromText('POINT(6.86018 52.71638)', 4326), N'6.86018', N'52.71638')
INSERT INTO [dbo].[Address] ([Id], [Street], [HouseNumber], [PostalCode], [City], [Country], [Municipality], [Location], [Long], [Lat]) VALUES (8, N'Bedrijvenweg', N'1', N'7833JG', N'Nieuw-Amsterdam', N'Nederland', N'Emmen', geography::STGeomFromText('POINT(6.85019 52.72311)', 4326), N'6.85019', N'52.72311')
INSERT INTO [dbo].[Address] ([Id], [Street], [HouseNumber], [PostalCode], [City], [Country], [Municipality], [Location], [Long], [Lat]) VALUES (9, N'Binnenhof', N'1', N'7833CR', N'Nieuw-Amsterdam', N'Nederland', N'Emmen', geography::STGeomFromText('POINT(6.85939 52.70879)', 4326), N'6.85939', N'52.70879')
INSERT INTO [dbo].[Address] ([Id], [Street], [HouseNumber], [PostalCode], [City], [Country], [Municipality], [Location], [Long], [Lat]) VALUES (10, N'Daglicht', N'1', N'7833DH', N'Nieuw-Amsterdam', N'Nederland', N'Emmen', geography::STGeomFromText('POINT(6.8614 52.71839)', 4326), N'6.8614', N'52.71839')
INSERT INTO [dbo].[Address] ([Id], [Street], [HouseNumber], [PostalCode], [City], [Country], [Municipality], [Location], [Long], [Lat]) VALUES (11, N'Vijverweg', N'22', N'5482ZN', N'Schijndel', N'Nederland', N'Meierijstad', geography::STGeomFromText('POINT(5.41948 51.64376)', 4326), N'5.41948', N'51.64376') -- Paaspop
INSERT INTO [dbo].[Address] ([Id], [Street], [HouseNumber], [PostalCode], [City], [Country], [Municipality], [Location], [Long], [Lat]) VALUES (12, N'Vijverweg', N'22', N'5482ZN', N'Schijndel', N'Nederland', N'Meierijstad', geography::STGeomFromText('POINT(5.41948 51.64376)', 4326), N'5.41948', N'51.64376') -- Paaspop
INSERT INTO [dbo].[Address] ([Id], [Street], [HouseNumber], [PostalCode], [City], [Country], [Municipality], [Location], [Long], [Lat]) VALUES (13, N'Zeelandsedijk', N'34', N'5408SM', N'Volkel', N'Nederland', N'Uden', geography::STGeomFromText('POINT(5.67234 51.63694)', 4326), N'5.67234', N'51.63694') -- Festyland
INSERT INTO [dbo].[Address] ([Id], [Street], [HouseNumber], [PostalCode], [City], [Country], [Municipality], [Location], [Long], [Lat]) VALUES (14, N'Zeelandsedijk', N'34', N'5408SM', N'Volkel', N'Nederland', N'Uden', geography::STGeomFromText('POINT(5.67234 51.63694)', 4326), N'5.67234', N'51.63694') -- Festyland
INSERT INTO [dbo].[Address] ([Id], [Street], [HouseNumber], [PostalCode], [City], [Country], [Municipality], [Location], [Long], [Lat]) VALUES (15, N'Paviljoenlaan', N'1', N'2131LZ', N'Hoofddorp', N'Nederland', N'Haarlemmermeer', geography::STGeomFromText('POINT(4.66969 52.3294)', 4326), N'4.66969', N'52.3294') -- Mysteryland
INSERT INTO [dbo].[Address] ([Id], [Street], [HouseNumber], [PostalCode], [City], [Country], [Municipality], [Location], [Long], [Lat]) VALUES (16, N'Paviljoenlaan', N'1', N'2131LZ', N'Hoofddorp', N'Nederland', N'Haarlemmermeer', geography::STGeomFromText('POINT(4.66969 52.3294)', 4326), N'4.66969', N'52.3294') -- Mysteryland
INSERT INTO [dbo].[Address] ([Id], [Street], [HouseNumber], [PostalCode], [City], [Country], [Municipality], [Location], [Long], [Lat]) VALUES (17, N'Oostbroekerweg', N'2', N'1981LR', N'Velsen-Zuid', N'Nederland', N'Velsen', geography::STGeomFromText('POINT(4.67034 52.44816)', 4326), N'4.67034', N'52.44816') -- Dutch Valley
INSERT INTO [dbo].[Address] ([Id], [Street], [HouseNumber], [PostalCode], [City], [Country], [Municipality], [Location], [Long], [Lat]) VALUES (18, N'Oostbroekerweg', N'2', N'1981LR', N'Velsen-Zuid', N'Nederland', N'Velsen', geography::STGeomFromText('POINT(4.67034 52.44816)', 4326), N'4.67034', N'52.44816') -- Dutch Valley
SET IDENTITY_INSERT [dbo].[Address] OFF

INSERT INTO [dbo].[Address_Contact] ([FirstName], [LastName], [Email], [Telephone], [IBAN], [Id]) VALUES (N'Minke', N'Achterkamp', N'minke.achterkamp@festispec.nl', N'06-51712894', N'NL26RABO0367742883', 1)
INSERT INTO [dbo].[Address_Contact] ([FirstName], [LastName], [Email], [Telephone], [IBAN], [Id]) VALUES (N'Lucinde', N'Wijnman', N'lucinde.wijnman@festispec.nl', N'06-88462703', N'NL78SNSB0638135273', 2)
INSERT INTO [dbo].[Address_Contact] ([FirstName], [LastName], [Email], [Telephone], [IBAN], [Id]) VALUES (N'Pieter', N'Kaspers', N'pieter.kaspers@gmail.com', N'06-61249971', N'NL77ABNA0506660438', 3)
INSERT INTO [dbo].[Address_Contact] ([FirstName], [LastName], [Email], [Telephone], [IBAN], [Id]) VALUES (N'Katy', N'Fase', N'katy.fase@gmail.com', N'06-61380229', N'NL42RABO0134854713', 4)
INSERT INTO [dbo].[Address_Contact] ([FirstName], [LastName], [Email], [Telephone], [IBAN], [Id]) VALUES (N'Luke', N'Rotman', N'luke.rotman@gmail.com', N'06-38659203', N'NL21ABNA0993190748', 5)
INSERT INTO [dbo].[Address_Contact] ([FirstName], [LastName], [Email], [Telephone], [IBAN], [Id]) VALUES (N'David', N'Wiedijk', N'david.wiedijk@festispec.com', N'06-18303291', N'NL82SNSB0966021003', 6)
INSERT INTO [dbo].[Address_Contact] ([FirstName], [LastName], [Email], [Telephone], [IBAN], [Id]) VALUES (N'Niels', N'Voeren', N'niels.voeren@festispec.com', N'06-69128949', N'NL54RABO0302000241', 7)
INSERT INTO [dbo].[Address_Contact] ([FirstName], [LastName], [Email], [Telephone], [IBAN], [Id]) VALUES (N'Kevin', N'Langeweg', N'kevin.langeweg@festispec.com', N'06-56072857', N'NL61ABNA0808266803', 8)
INSERT INTO [dbo].[Address_Contact] ([FirstName], [LastName], [Email], [Telephone], [IBAN], [Id]) VALUES (N'Anne', N'Goorhuis', N'anne.goorhuis@gmail.com', N'06-76441316', N'NL70ABNA0499437556', 9)
INSERT INTO [dbo].[Address_Contact] ([FirstName], [LastName], [Email], [Telephone], [IBAN], [Id]) VALUES (N'Kim', N'Goossens', N'kim.goossens@gmail.com', N'06-76995509', N'NL96ABNA0984187022', 10)
INSERT INTO [dbo].[Address_Contact] ([FirstName], [LastName], [Email], [Telephone], [IBAN], [Id]) VALUES (N'Suzan', N'Huijzer', N'suzan.huijzer@paaspop.nl', N'072-588764', null, 11) -- Paaspop
INSERT INTO [dbo].[Address_Contact] ([FirstName], [LastName], [Email], [Telephone], [IBAN], [Id]) VALUES (N'Floyd', N'Wildenberg', N'floyd.wildenberg@festyland.nl', N'072-396734', null, 13) -- Festyland
INSERT INTO [dbo].[Address_Contact] ([FirstName], [LastName], [Email], [Telephone], [IBAN], [Id]) VALUES (N'Paul', N'Lagendijk', N'paul.lagendijk@mysteryland.nl', N'020-893846', null, 15) -- Mysteryland
INSERT INTO [dbo].[Address_Contact] ([FirstName], [LastName], [Email], [Telephone], [IBAN], [Id]) VALUES (N'Niko', N'Snoek', N'niko.snoek@dutchvalley.nl', N'020-632479', null, 17) -- Dutch Valley

INSERT INTO [dbo].[Address_Customer] ([Name], [KVK], [Id]) VALUES (N'Paaspop', N'KVKNoClue', 11)  -- Paaspop
INSERT INTO [dbo].[Address_Customer] ([Name], [KVK], [Id]) VALUES (N'Festyland', N'KVKWattes', 13) -- Festyland
INSERT INTO [dbo].[Address_Customer] ([Name], [KVK], [Id]) VALUES (N'Mysteryland', N'KVKGeenIdee', 15) -- Mysteryland
INSERT INTO [dbo].[Address_Customer] ([Name], [KVK], [Id]) VALUES (N'Dutch Valley', N'KVKWatMoetHier', 17) -- Dutch Valley

INSERT INTO [dbo].[EmployeeRole] ([Role]) VALUES (N'Manager')
INSERT INTO [dbo].[EmployeeRole] ([Role]) VALUES (N'Medewerker')
INSERT INTO [dbo].[EmployeeRole] ([Role]) VALUES (N'Inspecteur')

INSERT INTO [dbo].[Address_Employee] ([Username], [Password], [Id], [Role_Role], [Manager_Id], [HiredFrom]) VALUES (N'Minke',  N'oP5TegghNxgbFBJUol3UaOOODGyl1NnadCCjGjPv4x0=', 1, N'Manager', null, N'2016-01-01 00:00:00')
INSERT INTO [dbo].[Address_Employee] ([Username], [Password], [Id], [Role_Role], [Manager_Id], [HiredFrom]) VALUES (N'Lucinde',N'hvJLgS5jx9MS1RwZI2IiK8MNli2Ze7v+dp3zBT7erBU=', 2, N'Medewerker', 1, N'2016-01-01 00:00:00')
INSERT INTO [dbo].[Address_Employee] ([Username], [Password], [Id], [Role_Role], [Manager_Id], [HiredFrom]) VALUES (N'Pieter', N'4poxUUf54fntmC8OFxvahZenIAdx2FDMQr04aMpXchU=', 3, N'Inspecteur', 1, N'2016-01-01 00:00:00')
INSERT INTO [dbo].[Address_Employee] ([Username], [Password], [Id], [Role_Role], [Manager_Id], [HiredFrom]) VALUES (N'Katy',   N'4s7LywJz9it3IspitIKOyw==', 4, N'Inspecteur', 1, N'2016-01-01 00:00:00')
INSERT INTO [dbo].[Address_Employee] ([Username], [Password], [Id], [Role_Role], [Manager_Id], [HiredFrom]) VALUES (N'Luke',   N'bEhu0M5Maz3ioWtcssGymw==', 5, N'Inspecteur', 1, N'2016-01-01 00:00:00')
INSERT INTO [dbo].[Address_Employee] ([Username], [Password], [Id], [Role_Role], [Manager_Id], [HiredFrom]) VALUES (N'David',  N'8kLgyikMlD0D649GhP2hDxoOYk67nd0Mb6Rd3naTRRI=', 6, N'Manager', null, N'2016-01-01 00:00:00')
INSERT INTO [dbo].[Address_Employee] ([Username], [Password], [Id], [Role_Role], [Manager_Id], [HiredFrom]) VALUES (N'Niels',  N'nZ5TTKf4iOH+lP2hHE1vOe9JtWY5+LemdMX3nIkdwKU=', 7, N'Medewerker', 6, N'2016-01-01 00:00:00')
INSERT INTO [dbo].[Address_Employee] ([Username], [Password], [Id], [Role_Role], [Manager_Id], [HiredFrom]) VALUES (N'Kevin',  N'5PtPwYr7RPbGZf2vpyRDeaLmxsKdDP6aunvQxS346UI=', 8, N'Medewerker', 6, N'2016-01-01 00:00:00')
INSERT INTO [dbo].[Address_Employee] ([Username], [Password], [Id], [Role_Role], [Manager_Id], [HiredFrom]) VALUES (N'Anne',   N'5uO+GG4vxQ84i2TwJD/s/Q==', 9, N'Inspecteur', 6, N'2016-01-01 00:00:00')
INSERT INTO [dbo].[Address_Employee] ([Username], [Password], [Id], [Role_Role], [Manager_Id], [HiredFrom]) VALUES (N'Kim',    N'CqwJs8j67GEiaOkdguM4tA==', 10, N'Inspecteur', 6, N'2016-01-01 00:00:00')

INSERT INTO [dbo].[InspectionStatus] ([Status]) VALUES (N'Geaccepteerd')
INSERT INTO [dbo].[InspectionStatus] ([Status]) VALUES (N'Afgewezen')
INSERT INTO [dbo].[InspectionStatus] ([Status]) VALUES (N'In afwachting')

INSERT INTO [dbo].[Address_Inspection] ([Name], [Website], [Start], [End], [Id], [Customer_Id], [Status_Status]) VALUES (N'Paaspop', N'www.paaspop.nl', N'2016-09-17 00:00:00', N'2016-09-20 00:00:00', 12, 11, N'Geaccepteerd') -- Paaspop
INSERT INTO [dbo].[Address_Inspection] ([Name], [Website], [Start], [End], [Id], [Customer_Id], [Status_Status]) VALUES (N'Festyland', N'www.festyland.nl', N'2018-01-18 03:14:07', N'2018-01-21 03:14:07', 14, 13, N'In afwachting') -- Festyland
INSERT INTO [dbo].[Address_Inspection] ([Name], [Website], [Start], [End], [Id], [Customer_Id], [Status_Status]) VALUES (N'Mysteryland', N'www.mysteryland.nl', N'2038-01-19 03:14:08', N'2038-01-19 03:14:08', 16, 15, N'Afgewezen') -- Mysteryland

INSERT INTO [dbo].[Address_Inspector] ([CertificationFrom], [CertificationTo], [Id]) VALUES (N'2009-01-19 03:14:08', N'2024-01-19 03:14:08', 3)
INSERT INTO [dbo].[Address_Inspector] ([CertificationFrom], [CertificationTo], [Id]) VALUES (N'2016-01-19 03:14:08', N'2022-01-19 03:14:08', 4)
INSERT INTO [dbo].[Address_Inspector] ([CertificationFrom], [CertificationTo], [Id]) VALUES (N'2016-01-19 03:14:08', N'2030-01-24 03:14:08', 5)
INSERT INTO [dbo].[Address_Inspector] ([CertificationFrom], [CertificationTo], [Id]) VALUES (N'2016-01-19 03:14:08', N'2030-01-24 03:14:08', 9)
INSERT INTO [dbo].[Address_Inspector] ([CertificationFrom], [CertificationTo], [Id]) VALUES (N'2017-01-19 03:14:08', N'2040-01-24 03:14:08', 10)


SET IDENTITY_INSERT [dbo].[Note] ON
INSERT INTO [dbo].[Note] ([Id], [Content], [Customer_Id]) VALUES (1, N'Here for notes', 11)
INSERT INTO [dbo].[Note] ([Id], [Content], [Customer_Id]) VALUES (2, N'Extra notes', 13)
INSERT INTO [dbo].[Note] ([Id], [Content], [Customer_Id]) VALUES (3, N'This one notes', 15)
SET IDENTITY_INSERT [dbo].[Note] OFF


INSERT INTO [dbo].[Planning] ([Inspection_Id], [Inspector_Id], [Date], [TimeFrom], [TimeTo], [Hours]) VALUES (12, 3, N'2016-09-17 00:00:00', N'07:00:00', N'17:00:00', N'10:00:00')
INSERT INTO [dbo].[Planning] ([Inspection_Id], [Inspector_Id], [Date], [TimeFrom], [TimeTo], [Hours]) VALUES (12, 4, N'2016-09-17 00:00:00', N'15:00:00', N'23:00:00', N'08:00:00')
INSERT INTO [dbo].[Planning] ([Inspection_Id], [Inspector_Id], [Date], [TimeFrom], [TimeTo], [Hours]) VALUES (14, 4, N'2016-08-24 00:00:00', N'08:00:00', N'20:00:00', N'14:00:00')


INSERT INTO [dbo].[QuestionType] ([Type]) VALUES (N'Tekst')
INSERT INTO [dbo].[QuestionType] ([Type]) VALUES (N'Getal')
INSERT INTO [dbo].[QuestionType] ([Type]) VALUES (N'Reeks')
INSERT INTO [dbo].[QuestionType] ([Type]) VALUES (N'Beeld')
INSERT INTO [dbo].[QuestionType] ([Type]) VALUES (N'Tabel')


SET IDENTITY_INSERT [dbo].[Template] ON
INSERT INTO [dbo].[Template] ([Id], [Name], [Description]) VALUES (1, N'Standaard Festival', N'Deze template is bedoeld voor een standaard festival')
INSERT INTO [dbo].[Template] ([Id], [Name], [Description]) VALUES (2, N'Techno Festival', N'Deze template is bedoeld voor een techno festival')
INSERT INTO [dbo].[Template] ([Id], [Name], [Description]) VALUES (3, N'Eet Festival', N'Deze template is bedoeld voor eetfestivals')
SET IDENTITY_INSERT [dbo].[Template] OFF

SET IDENTITY_INSERT [dbo].[Question] ON
INSERT INTO [dbo].[Question] ([Id], [Name], [Description], [QuestionType_Type], [Metadata]) VALUES (1, N'Op een schaal van 1 tot 10 wat was de sfeer bij de eetgelegenheden', N'*1 – Er is niemand, 5 - Het is redelijk druk, 10 – Er is geen doorkomen aan', N'Reeks', null)
INSERT INTO [dbo].[Question] ([Id], [Name], [Description], [QuestionType_Type], [Metadata]) VALUES (2, N'Geef een indruk van de sfeer impressie bij de eetgelegenheden', null, N'Tekst', null)
INSERT INTO [dbo].[Question] ([Id], [Name], [Description], [QuestionType_Type], [Metadata]) VALUES (3, N'Maak een foto van opvallende situaties', N'Benoem hier de geüploade foto’s:', N'Beeld', null)
INSERT INTO [dbo].[Question] ([Id], [Name], [Description], [QuestionType_Type], [Metadata]) VALUES (4, N'Meet de afstand tussen de verschillende food trucks', null, N'Tekst', null)
INSERT INTO [dbo].[Question] ([Id], [Name], [Description], [QuestionType_Type], [Metadata]) VALUES (5, N'Teken de algemene stroom van mensen op de kaart (bijlage A).', N'Eventuele opmerkingen:', N'Tekst', null)
INSERT INTO [dbo].[Question] ([Id], [Name], [Description], [QuestionType_Type], [Metadata]) VALUES (6, N'Tel het aantal tafels en zitplaatsen bij de foodtrucks', null, N'Tekst', null)
INSERT INTO [dbo].[Question] ([Id], [Name], [Description], [QuestionType_Type], [Metadata]) VALUES (7, N'Wat beschrijft het beste de sfeer bij het publiek na de shows bij de main stage?', N'-A: De sfeer is grimmig -B: Het publiek is rustig -C: Het publiek is dronken/aangeschoten -D: Het is chaos', N'Tabel', N'["Act","Sfeer"]')
INSERT INTO [dbo].[Question] ([Id], [Name], [Description], [QuestionType_Type], [Metadata]) VALUES (8, N'Geef het aantal mensen in de rij 5 minuten voor het begin van de elke theater show', null, N'Tabel', N'["Show","Aantal mensen in rij"]')
INSERT INTO [dbo].[Question] ([Id], [Name], [Description], [QuestionType_Type], [Metadata]) VALUES (9, N'Hoe druk was het bij de WC''s? Maak elk uur een schatting', N'*(Gebruik je inschattingstechniek geleerd op de training dag)', N'Tabel', N'["Tijd","Drukte"]')
INSERT INTO [dbo].[Question] ([Id], [Name], [Description], [QuestionType_Type], [Metadata]) VALUES (10, N'Hoe druk is het bij de Main Stage? Maak elk half uur een schatting', null, N'Tabel', N'["Tijd","Drukte"]')
INSERT INTO [dbo].[Question] ([Id], [Name], [Description], [QuestionType_Type], [Metadata]) VALUES (11, N'Hoe druk was het bij de foodtrucks? Maak elk uur een schatting', null, N'Tabel', N'["Tijd","Drukte"]')
INSERT INTO [dbo].[Question] ([Id], [Name], [Description], [QuestionType_Type], [Metadata]) VALUES (12, N'Losse opmerkingen', N'Plaats hier eventuele opmerkingen:', N'Tekst', null)
SET IDENTITY_INSERT [dbo].[Question] OFF

INSERT INTO [dbo].[TemplateQuestion] ([Question_Id], [Template_Id]) VALUES (1, 1)
INSERT INTO [dbo].[TemplateQuestion] ([Question_Id], [Template_Id]) VALUES (2, 1)
INSERT INTO [dbo].[TemplateQuestion] ([Question_Id], [Template_Id]) VALUES (3, 1)
INSERT INTO [dbo].[TemplateQuestion] ([Question_Id], [Template_Id]) VALUES (4, 1)
INSERT INTO [dbo].[TemplateQuestion] ([Question_Id], [Template_Id]) VALUES (5, 1)
INSERT INTO [dbo].[TemplateQuestion] ([Question_Id], [Template_Id]) VALUES (6, 1)
INSERT INTO [dbo].[TemplateQuestion] ([Question_Id], [Template_Id]) VALUES (7, 1)
INSERT INTO [dbo].[TemplateQuestion] ([Question_Id], [Template_Id]) VALUES (8, 1)
INSERT INTO [dbo].[TemplateQuestion] ([Question_Id], [Template_Id]) VALUES (9, 1)
INSERT INTO [dbo].[TemplateQuestion] ([Question_Id], [Template_Id]) VALUES (10, 1)
INSERT INTO [dbo].[TemplateQuestion] ([Question_Id], [Template_Id]) VALUES (11, 1)
INSERT INTO [dbo].[TemplateQuestion] ([Question_Id], [Template_Id]) VALUES (12, 1)
INSERT INTO [dbo].[TemplateQuestion] ([Question_Id], [Template_Id]) VALUES (1, 2)
INSERT INTO [dbo].[TemplateQuestion] ([Question_Id], [Template_Id]) VALUES (2, 2)
INSERT INTO [dbo].[TemplateQuestion] ([Question_Id], [Template_Id]) VALUES (3, 2)
INSERT INTO [dbo].[TemplateQuestion] ([Question_Id], [Template_Id]) VALUES (4, 2)
INSERT INTO [dbo].[TemplateQuestion] ([Question_Id], [Template_Id]) VALUES (5, 2)
INSERT INTO [dbo].[TemplateQuestion] ([Question_Id], [Template_Id]) VALUES (6, 2)
INSERT INTO [dbo].[TemplateQuestion] ([Question_Id], [Template_Id]) VALUES (7, 2)
INSERT INTO [dbo].[TemplateQuestion] ([Question_Id], [Template_Id]) VALUES (8, 2)
INSERT INTO [dbo].[TemplateQuestion] ([Question_Id], [Template_Id]) VALUES (9, 2)
INSERT INTO [dbo].[TemplateQuestion] ([Question_Id], [Template_Id]) VALUES (10, 2)
INSERT INTO [dbo].[TemplateQuestion] ([Question_Id], [Template_Id]) VALUES (11, 2)
INSERT INTO [dbo].[TemplateQuestion] ([Question_Id], [Template_Id]) VALUES (12, 2)

SET IDENTITY_INSERT [dbo].[Regulation] ON
INSERT INTO [dbo].[Regulation] ([Id], [Name], [Description], [Municipality]) VALUES (1, N'Alcohol Wet', N'Gij Mag Geen Alcohol Verkopen Aan Mensen Onder De 18 Jaar', null)
INSERT INTO [dbo].[Regulation] ([Id], [Name], [Description], [Municipality]) VALUES (2, N'Drugs Wet', N'Gij Mag Geen Drugs Verkopen Aan Iedereen', null)
INSERT INTO [dbo].[Regulation] ([Id], [Name], [Description], [Municipality]) VALUES (3, N'Bomen Wet', N'Gij Mag Niet Tegen Bomen Urineren', N'Meierijstad')
SET IDENTITY_INSERT [dbo].[Regulation] OFF


SET IDENTITY_INSERT [dbo].[Schedule] ON
INSERT INTO [dbo].[Schedule] ([Id], [NotAvailableFrom], [NotAvailableTo], [Inspector_Id]) VALUES (1, N'2018-05-17 00:00:00', N'2018-06-05 00:00:00', 4)
INSERT INTO [dbo].[Schedule] ([Id], [NotAvailableFrom], [NotAvailableTo], [Inspector_Id]) VALUES (2, N'2018-05-17 00:00:00', N'2018-06-05 00:00:00', 5)
INSERT INTO [dbo].[Schedule] ([Id], [NotAvailableFrom], [NotAvailableTo], [Inspector_Id]) VALUES (3, N'2018-05-17 00:00:00', N'2018-06-05 00:00:00', 9)
INSERT INTO [dbo].[Schedule] ([Id], [NotAvailableFrom], [NotAvailableTo], [Inspector_Id]) VALUES (4, N'2018-04-22 00:00:00', N'2018-05-05 00:00:00', 4)
SET IDENTITY_INSERT [dbo].[Schedule] OFF

INSERT INTO [dbo].[InspectionQuestionAnswer] ([Inspection_Id], [Question_Id], [Inspector_Id], [Date], [Answer]) VALUES(14, 1, 4, '2016-08-24 00:00:00', '8')
INSERT INTO [dbo].[InspectionQuestionAnswer] ([Inspection_Id], [Question_Id], [Inspector_Id], [Date], [Answer]) VALUES(14, 2, 4, '2016-08-24 00:00:00', 'Sfeer was goed')
INSERT INTO [dbo].[InspectionQuestionAnswer] ([Inspection_Id], [Question_Id], [Inspector_Id], [Date], [Answer]) VALUES(14, 3, 4, '2016-08-24 00:00:00', 'Park foto, terrein foto, en wc foto')
INSERT INTO [dbo].[InspectionQuestionAnswer] ([Inspection_Id], [Question_Id], [Inspector_Id], [Date], [Answer]) VALUES(14, 4, 4, '2016-08-24 00:00:00', '150 meter')
INSERT INTO [dbo].[InspectionQuestionAnswer] ([Inspection_Id], [Question_Id], [Inspector_Id], [Date], [Answer]) VALUES(14, 5, 4, '2016-08-24 00:00:00', 'Zie foto')
INSERT INTO [dbo].[InspectionQuestionAnswer] ([Inspection_Id], [Question_Id], [Inspector_Id], [Date], [Answer]) VALUES(14, 6, 4, '2016-08-24 00:00:00', '30')
INSERT INTO [dbo].[InspectionQuestionAnswer] ([Inspection_Id], [Question_Id], [Inspector_Id], [Date], [Answer]) VALUES(14, 7, 4, '2016-08-24 00:00:00', 'Gemoedelijk en gezellig druk')
INSERT INTO [dbo].[InspectionQuestionAnswer] ([Inspection_Id], [Question_Id], [Inspector_Id], [Date], [Answer]) VALUES(14, 8, 4, '2016-08-24 00:00:00', '20')
INSERT INTO [dbo].[InspectionQuestionAnswer] ([Inspection_Id], [Question_Id], [Inspector_Id], [Date], [Answer]) VALUES(14, 9, 4, '2016-08-24 00:00:00', 'Erg druk eigenlijk te weinig wcs voor het aantal mensen')
INSERT INTO [dbo].[InspectionQuestionAnswer] ([Inspection_Id], [Question_Id], [Inspector_Id], [Date], [Answer]) VALUES(14, 10, 4, '2016-08-24 00:00:00', '[["11:00","druk"],["11:30","druk"],["12:00","druk"],["12:30","druk"],["13:00","druk"],["13:30","druk"],["14:00","druk"],["14:30","druk"],["15:00","druk"],["15:30","druk"],["16:00","druk"],["16:30","druk"],["17:00","druk"]]')
INSERT INTO [dbo].[InspectionQuestionAnswer] ([Inspection_Id], [Question_Id], [Inspector_Id], [Date], [Answer]) VALUES(12, 1, 4, '2016-09-17 00:00:00', '7')
INSERT INTO [dbo].[InspectionQuestionAnswer] ([Inspection_Id], [Question_Id], [Inspector_Id], [Date], [Answer]) VALUES(12, 2, 4, '2016-09-17 00:00:00', 'Sfeer was goed')
INSERT INTO [dbo].[InspectionQuestionAnswer] ([Inspection_Id], [Question_Id], [Inspector_Id], [Date], [Answer]) VALUES(12, 3, 4, '2016-09-17 00:00:00', 'Park foto, terrein foto, en wc foto')
INSERT INTO [dbo].[InspectionQuestionAnswer] ([Inspection_Id], [Question_Id], [Inspector_Id], [Date], [Answer]) VALUES(12, 4, 4, '2016-09-17 00:00:00', '150 meter')
INSERT INTO [dbo].[InspectionQuestionAnswer] ([Inspection_Id], [Question_Id], [Inspector_Id], [Date], [Answer]) VALUES(12, 5, 4, '2016-09-17 00:00:00', 'Zie foto')
INSERT INTO [dbo].[InspectionQuestionAnswer] ([Inspection_Id], [Question_Id], [Inspector_Id], [Date], [Answer]) VALUES(12, 6, 4, '2016-09-17 00:00:00', '30')
INSERT INTO [dbo].[InspectionQuestionAnswer] ([Inspection_Id], [Question_Id], [Inspector_Id], [Date], [Answer]) VALUES(12, 7, 4, '2016-09-17 00:00:00', 'Gemoedelijk en gezellig druk')
INSERT INTO [dbo].[InspectionQuestionAnswer] ([Inspection_Id], [Question_Id], [Inspector_Id], [Date], [Answer]) VALUES(12, 8, 4, '2016-09-17 00:00:00', '20')
INSERT INTO [dbo].[InspectionQuestionAnswer] ([Inspection_Id], [Question_Id], [Inspector_Id], [Date], [Answer]) VALUES(12, 9, 4, '2016-09-17 00:00:00', 'Erg druk eigenlijk te weinig wcs voor het aantal mensen')
INSERT INTO [dbo].[InspectionQuestionAnswer] ([Inspection_Id], [Question_Id], [Inspector_Id], [Date], [Answer]) VALUES(12, 10, 4, '2016-09-17 00:00:00', '[["11:00","druk"],["11:30","matig"],["12:00","matig"],["12:30","druk"],["13:00","druk"],["13:30","druk"],["14:00","rustig"],["14:30","druk"],["15:00","matig"],["15:30","rustig"],["16:00","druk"],["16:30","druk"],["17:00","druk"]]')
INSERT INTO [dbo].[InspectionQuestionAnswer] ([Inspection_Id], [Question_Id], [Inspector_Id], [Date], [Answer]) VALUES(12, 1, 3, '2016-09-17 00:00:00', '8')
INSERT INTO [dbo].[InspectionQuestionAnswer] ([Inspection_Id], [Question_Id], [Inspector_Id], [Date], [Answer]) VALUES(12, 2, 3, '2016-09-17 00:00:00', 'Sfeer was goed')
INSERT INTO [dbo].[InspectionQuestionAnswer] ([Inspection_Id], [Question_Id], [Inspector_Id], [Date], [Answer]) VALUES(12, 3, 3, '2016-09-17 00:00:00', 'Park foto, terrein foto, en wc foto')
INSERT INTO [dbo].[InspectionQuestionAnswer] ([Inspection_Id], [Question_Id], [Inspector_Id], [Date], [Answer]) VALUES(12, 4, 3, '2016-09-17 00:00:00', '150 meter')
INSERT INTO [dbo].[InspectionQuestionAnswer] ([Inspection_Id], [Question_Id], [Inspector_Id], [Date], [Answer]) VALUES(12, 5, 3, '2016-09-17 00:00:00', 'Zie foto')
INSERT INTO [dbo].[InspectionQuestionAnswer] ([Inspection_Id], [Question_Id], [Inspector_Id], [Date], [Answer]) VALUES(12, 6, 3, '2016-09-17 00:00:00', '30')
INSERT INTO [dbo].[InspectionQuestionAnswer] ([Inspection_Id], [Question_Id], [Inspector_Id], [Date], [Answer]) VALUES(12, 7, 3, '2016-09-17 00:00:00', 'Gemoedelijk en gezellig druk')
INSERT INTO [dbo].[InspectionQuestionAnswer] ([Inspection_Id], [Question_Id], [Inspector_Id], [Date], [Answer]) VALUES(12, 8, 3, '2016-09-17 00:00:00', '20')
INSERT INTO [dbo].[InspectionQuestionAnswer] ([Inspection_Id], [Question_Id], [Inspector_Id], [Date], [Answer]) VALUES(12, 9, 3, '2016-09-17 00:00:00', 'Erg druk eigenlijk te weinig wcs voor het aantal mensen')
INSERT INTO [dbo].[InspectionQuestionAnswer] ([Inspection_Id], [Question_Id], [Inspector_Id], [Date], [Answer]) VALUES(12, 10, 3, '2016-09-17 00:00:00', '[["11:00","druk"],["11:30","druk"],["12:00","matig"],["12:30","druk"],["13:00","druk"],["13:30","druk"],["14:00","druk"],["14:30","druk"],["15:00","druk"],["15:30","matig"],["16:00","druk"],["16:30","druk"],["17:00","matig"]]')

INSERT INTO [dbo].[InspectionQuestion] ([Question_Id], [Inspection_Id]) VALUES (1, 12)
INSERT INTO [dbo].[InspectionQuestion] ([Question_Id], [Inspection_Id]) VALUES (2, 12)
INSERT INTO [dbo].[InspectionQuestion] ([Question_Id], [Inspection_Id]) VALUES (3, 12)
INSERT INTO [dbo].[InspectionQuestion] ([Question_Id], [Inspection_Id]) VALUES (4, 12)
INSERT INTO [dbo].[InspectionQuestion] ([Question_Id], [Inspection_Id]) VALUES (5, 12)
INSERT INTO [dbo].[InspectionQuestion] ([Question_Id], [Inspection_Id]) VALUES (6, 12)
INSERT INTO [dbo].[InspectionQuestion] ([Question_Id], [Inspection_Id]) VALUES (7, 12)
INSERT INTO [dbo].[InspectionQuestion] ([Question_Id], [Inspection_Id]) VALUES (8, 12)
INSERT INTO [dbo].[InspectionQuestion] ([Question_Id], [Inspection_Id]) VALUES (9, 12)
INSERT INTO [dbo].[InspectionQuestion] ([Question_Id], [Inspection_Id]) VALUES (10, 12)
INSERT INTO [dbo].[InspectionQuestion] ([Question_Id], [Inspection_Id]) VALUES (11, 12)
INSERT INTO [dbo].[InspectionQuestion] ([Question_Id], [Inspection_Id]) VALUES (12, 12)

