INSERT INTO [dbo].[InspectionStatus] ([Status]) VALUES (N'Geaccepteerd')
INSERT INTO [dbo].[InspectionStatus] ([Status]) VALUES (N'Afgewezen')
INSERT INTO [dbo].[InspectionStatus] ([Status]) VALUES (N'In afwachting')

INSERT INTO [dbo].[EmployeeRole] ([Role]) VALUES (N'Manager')
INSERT INTO [dbo].[EmployeeRole] ([Role]) VALUES (N'Medewerker')
INSERT INTO [dbo].[EmployeeRole] ([Role]) VALUES (N'Inspecteur')

INSERT INTO [dbo].[QuestionType] ([Type]) VALUES (N'Tekst')
INSERT INTO [dbo].[QuestionType] ([Type]) VALUES (N'Getal')
INSERT INTO [dbo].[QuestionType] ([Type]) VALUES (N'Reeks')
INSERT INTO [dbo].[QuestionType] ([Type]) VALUES (N'Beeld')
INSERT INTO [dbo].[QuestionType] ([Type]) VALUES (N'Tabel')

SET IDENTITY_INSERT [dbo].[Address] ON
INSERT INTO [dbo].[Address] ([Id], [Street], [HouseNumber], [PostalCode], [City], [Country], [Municipality], [Location], [Long], [Lat]) VALUES (1, N'Onderwijsboulevard', N'215', N'5223DE', N'''s-Hertogenbosch', N'Nederland', N'''s-Hertogenbosch', N'POINT (5.28709 51.68864)', 5.28709, 51.68864)
INSERT INTO [dbo].[Address] ([Id], [Street], [HouseNumber], [PostalCode], [City], [Country], [Municipality], [Location], [Long], [Lat]) VALUES (2, N'Oude Engelenseweg', N'50A', N'5223KD', N'''s-Hertogenbosch', N'Nederland', N'''s-Hertogenbosch', N'POINT (5.29146 51.69765)', 5.29146, 51.69765)
INSERT INTO [dbo].[Address] ([Id], [Street], [HouseNumber], [PostalCode], [City], [Country], [Municipality], [Location], [Long], [Lat]) VALUES (3, N'Grote Kerkplein', N'15', N'8011PK', N'Zwolle', N'Nederland', N'Zwolle', N'POINT (6.09292 52.51136)', 6.09292, 52.51136)
INSERT INTO [dbo].[Address] ([Id], [Street], [HouseNumber], [PostalCode], [City], [Country], [Municipality], [Location], [Long], [Lat]) VALUES (4, N'Grote Kerkplein', N'1', N'8011PK', N'Zwolle', N'Nederland', N'Zwolle', N'POINT (6.09141 52.51157)', 6.09141, 52.51157)
INSERT INTO [dbo].[Address] ([Id], [Street], [HouseNumber], [PostalCode], [City], [Country], [Municipality], [Location], [Long], [Lat]) VALUES (5, N'Oude Engelenseweg', N'50', N'5223KD', N'''s-Hertogenbosch', N'Nederland', N'''s-Hertogenbosch', N'POINT (5.29153 51.69769)', 5.29153, 51.69769)
INSERT INTO [dbo].[Address] ([Id], [Street], [HouseNumber], [PostalCode], [City], [Country], [Municipality], [Location], [Long], [Lat]) VALUES (6, N'Boonakker', N'1', N'5384MG', N'Heesch', N'Nederland', N'Bernheze', N'POINT (5.52386 51.73566)', 5.52386, 51.73566)
INSERT INTO [dbo].[Address] ([Id], [Street], [HouseNumber], [PostalCode], [City], [Country], [Municipality], [Location], [Long], [Lat]) VALUES (7, N'Oude Engelenseweg', N'54', N'5223KD', N'''s-Hertogenbosch', N'Nederland', N'''s-Hertogenbosch', N'POINT (5.29165 51.69769)', 5.29165, 51.69769)
INSERT INTO [dbo].[Address] ([Id], [Street], [HouseNumber], [PostalCode], [City], [Country], [Municipality], [Location], [Long], [Lat]) VALUES (8, N'Oude Engelenseweg', N'60', N'5223KD', N'''s-Hertogenbosch', N'Nederland', N'''s-Hertogenbosch', N'POINT (5.29134 51.69758)', 5.29134, 51.69758)
INSERT INTO [dbo].[Address] ([Id], [Street], [HouseNumber], [PostalCode], [City], [Country], [Municipality], [Location], [Long], [Lat]) VALUES (9, N'Oude Engelenseweg', N'50A', N'5223KD', N'''s-Hertogenbosch', N'Nederland', N'''s-Hertogenbosch', N'POINT (5.29146 51.69765)', 5.29146, 51.69765)
INSERT INTO [dbo].[Address] ([Id], [Street], [HouseNumber], [PostalCode], [City], [Country], [Municipality], [Location], [Long], [Lat]) VALUES (10, N'Oude Engelenseweg', N'50', N'5223KD', N'''s-Hertogenbosch', N'Nederland', N'''s-Hertogenbosch', N'POINT (5.29153 51.69769)', 5.29153, 51.69769)
INSERT INTO [dbo].[Address] ([Id], [Street], [HouseNumber], [PostalCode], [City], [Country], [Municipality], [Location], [Long], [Lat]) VALUES (11, N'Oude Engelenseweg', N'50', N'5223KD', N'''s-Hertogenbosch', N'Nederland', N'''s-Hertogenbosch', N'POINT (5.29153 51.69769)', 5.29153, 51.69769)
INSERT INTO [dbo].[Address] ([Id], [Street], [HouseNumber], [PostalCode], [City], [Country], [Municipality], [Location], [Long], [Lat]) VALUES (12, N'Oude Engelenseweg', N'50B', N'5223KD', N'''s-Hertogenbosch', N'Nederland', N'''s-Hertogenbosch', N'POINT (5.29163 51.6977)', 5.29163, 51.6977)
INSERT INTO [dbo].[Address] ([Id], [Street], [HouseNumber], [PostalCode], [City], [Country], [Municipality], [Location], [Long], [Lat]) VALUES (13, N'Tramkade', N'24', N'5211VB', N'''s-Hertogenbosch', N'Nederland', N'''s-Hertogenbosch', N'POINT (5.2991 51.69656)', 5.2991, 51.69656)
INSERT INTO [dbo].[Address] ([Id], [Street], [HouseNumber], [PostalCode], [City], [Country], [Municipality], [Location], [Long], [Lat]) VALUES (14, N'Tramkade', N'24', N'5211VB', N'''s-Hertogenbosch', N'Nederland', N'''s-Hertogenbosch', N'POINT (5.2991 51.69656)', 5.2991, 51.69656)
SET IDENTITY_INSERT [dbo].[Address] OFF

INSERT INTO [dbo].[Address_Contact] ([FirstName], [LastName], [Email], [Telephone], [IBAN], [Id]) VALUES (N'Sven', N'Slijkoord', N'sven.slijkoord@festispec.nl', N'06-51712894', N'NL26RABO0367742883', 1)
INSERT INTO [dbo].[Address_Contact] ([FirstName], [LastName], [Email], [Telephone], [IBAN], [Id]) VALUES (N'Thomas', N'van der Slot', N'thomasvanderslot@festispec.nl', NULL, N'', 2)
INSERT INTO [dbo].[Address_Contact] ([FirstName], [LastName], [Email], [Telephone], [IBAN], [Id]) VALUES (N'Bas', N'Janssen', NULL, NULL, NULL, 3)
INSERT INTO [dbo].[Address_Contact] ([FirstName], [LastName], [Email], [Telephone], [IBAN], [Id]) VALUES (NULL, N'Knook', NULL, NULL, NULL, 4)
INSERT INTO [dbo].[Address_Contact] ([FirstName], [LastName], [Email], [Telephone], [IBAN], [Id]) VALUES (NULL, N'Manders', NULL, NULL, NULL, 5)
INSERT INTO [dbo].[Address_Contact] ([FirstName], [LastName], [Email], [Telephone], [IBAN], [Id]) VALUES (NULL, N'Martens', NULL, NULL, NULL, 6)
INSERT INTO [dbo].[Address_Contact] ([FirstName], [LastName], [Email], [Telephone], [IBAN], [Id]) VALUES (NULL, N'Autar', NULL, NULL, NULL, 7)
INSERT INTO [dbo].[Address_Contact] ([FirstName], [LastName], [Email], [Telephone], [IBAN], [Id]) VALUES (NULL, N'van Son', NULL, NULL, NULL, 8)
INSERT INTO [dbo].[Address_Contact] ([FirstName], [LastName], [Email], [Telephone], [IBAN], [Id]) VALUES (NULL, N'Mehlbaum', NULL, NULL, NULL, 9)
INSERT INTO [dbo].[Address_Contact] ([FirstName], [LastName], [Email], [Telephone], [IBAN], [Id]) VALUES (NULL, N'Slijkoord', NULL, NULL, NULL, 10)
INSERT INTO [dbo].[Address_Contact] ([FirstName], [LastName], [Email], [Telephone], [IBAN], [Id]) VALUES (NULL, N'van der Slot', NULL, NULL, NULL, 11)
INSERT INTO [dbo].[Address_Contact] ([FirstName], [LastName], [Email], [Telephone], [IBAN], [Id]) VALUES (NULL, N'Manders', NULL, NULL, NULL, 12)
INSERT INTO [dbo].[Address_Contact] ([FirstName], [LastName], [Email], [Telephone], [IBAN], [Id]) VALUES (NULL, N'Smulders', NULL, NULL, NULL, 13)



INSERT INTO [dbo].[Address_Customer] ([KVK], [Name], [Id]) VALUES (N'1234567890', N'van Aken', 13)

INSERT INTO [dbo].[Address_Employee] ([Username], [Password], [Role_Role], [Manager_Id], [HiredFrom], [HiredTo], [Id]) VALUES (N'Sven', N'oP5TegghNxgbFBJUol3UaOOODGyl1NnadCCjGjPv4x0=', N'Manager', NULL, N'2016-01-01 00:00:00', NULL, 1)
INSERT INTO [dbo].[Address_Employee] ([Username], [Password], [Role_Role], [Manager_Id], [HiredFrom], [HiredTo], [Id]) VALUES (N'Thomas', N'Thomas123', N'Manager', NULL, N'2017-01-01 00:00:00', NULL, 2)
INSERT INTO [dbo].[Address_Employee] ([Username], [Password], [Role_Role], [Manager_Id], [HiredFrom], [HiredTo], [Id]) VALUES (N'Bas', N'Bas123', N'Manager', NULL, N'2017-01-01 00:00:00', NULL, 3)
INSERT INTO [dbo].[Address_Employee] ([Username], [Password], [Role_Role], [Manager_Id], [HiredFrom], [HiredTo], [Id]) VALUES (N'Martijn', N'Martijn123', N'Medewerker', NULL, N'2017-01-01 00:00:00', NULL, 4)
INSERT INTO [dbo].[Address_Employee] ([Username], [Password], [Role_Role], [Manager_Id], [HiredFrom], [HiredTo], [Id]) VALUES (N'Sietse', N'Sietse123', N'Manager', NULL, N'2017-01-01 00:00:00', NULL, 5)
INSERT INTO [dbo].[Address_Employee] ([Username], [Password], [Role_Role], [Manager_Id], [HiredFrom], [HiredTo], [Id]) VALUES (N'Teun', N'Teun123', N'Medewerker', NULL, N'2017-01-01 00:00:00', NULL, 6)
INSERT INTO [dbo].[Address_Employee] ([Username], [Password], [Role_Role], [Manager_Id], [HiredFrom], [HiredTo], [Id]) VALUES (N'Arjun', N'Arjun123', N'Medewerker', NULL, N'2017-01-01 00:00:00', NULL, 7)
INSERT INTO [dbo].[Address_Employee] ([Username], [Password], [Role_Role], [Manager_Id], [HiredFrom], [HiredTo], [Id]) VALUES (N'Ylja', N'Ylja123', N'Manager', NULL, N'2017-01-01 00:00:00', NULL, 8)
INSERT INTO [dbo].[Address_Employee] ([Username], [Password], [Role_Role], [Manager_Id], [HiredFrom], [HiredTo], [Id]) VALUES (N'Alex', N'Alex123', N'Medewerker', NULL, N'2017-01-01 00:00:00', NULL, 9)
INSERT INTO [dbo].[Address_Employee] ([Username], [Password], [Role_Role], [Manager_Id], [HiredFrom], [HiredTo], [Id]) VALUES (N'Sven', N'Sven123', N'Inspecteur', NULL, N'2017-01-01 00:00:00', NULL, 10)
INSERT INTO [dbo].[Address_Employee] ([Username], [Password], [Role_Role], [Manager_Id], [HiredFrom], [HiredTo], [Id]) VALUES (N'Thomas', N'Thomas123', N'Inspecteur', NULL, N'2017-01-01 00:00:00', NULL, 11)
INSERT INTO [dbo].[Address_Employee] ([Username], [Password], [Role_Role], [Manager_Id], [HiredFrom], [HiredTo], [Id]) VALUES (N'Sietse', N'Sietse123', N'Inspecteur', NULL, N'2017-01-01 00:00:00', NULL, 12)

INSERT INTO [dbo].[Address_Inspection] ([Name], [Website], [Start], [End], [Status_Status], [Customer_Id], [Id]) VALUES (N'Inspectie bij van Aken', N'http://werkwarenhuis.nl/food/', N'2018-01-11 00:00:00', N'2018-01-11 00:00:00', N'Geaccepteerd', 13, 14)

INSERT INTO [dbo].[Address_Inspector] ([CertificationFrom], [CertificationTo], [Id]) VALUES (N'2017-01-01 00:00:00', N'2020-01-01 00:00:00', 10)
INSERT INTO [dbo].[Address_Inspector] ([CertificationFrom], [CertificationTo], [Id]) VALUES (N'2017-01-01 00:00:00', N'2020-01-01 00:00:00', 11)
INSERT INTO [dbo].[Address_Inspector] ([CertificationFrom], [CertificationTo], [Id]) VALUES (N'2017-01-01 00:00:00', N'2020-01-01 00:00:00', 12)




SET IDENTITY_INSERT [dbo].[Template] ON
INSERT INTO [dbo].[Template] ([Id], [Name], [Description]) VALUES (1, N'Standaard Festival', N'')
INSERT INTO [dbo].[Template] ([Id], [Name], [Description]) VALUES (2, N'van Aken Template', N'Dit template wordt gebruikt bij van Aken')
SET IDENTITY_INSERT [dbo].[Template] OFF

SET IDENTITY_INSERT [dbo].[Question] ON
INSERT INTO [dbo].[Question] ([Id], [Name], [Description], [QuestionType_Type], [Metadata]) VALUES (1, N'Op een schaal van 1 tot 10 wat was de sfeer bij de eetgelegenheden', N'*1 – Er is niemand, 5 - Het is redelijk druk, 10 – Er is geen doorkomen aan', N'Reeks', NULL)
INSERT INTO [dbo].[Question] ([Id], [Name], [Description], [QuestionType_Type], [Metadata]) VALUES (2, N'Geef een indruk van de sfeer impressie bij de eetgelegenheden', NULL, N'Tekst', NULL)
INSERT INTO [dbo].[Question] ([Id], [Name], [Description], [QuestionType_Type], [Metadata]) VALUES (3, N'Maak een foto van opvallende situaties', N'Benoem hier de geüploade foto’s:', N'Beeld', NULL)
INSERT INTO [dbo].[Question] ([Id], [Name], [Description], [QuestionType_Type], [Metadata]) VALUES (4, N'Meet de afstand tussen de verschillende food trucks', NULL, N'Tekst', NULL)
INSERT INTO [dbo].[Question] ([Id], [Name], [Description], [QuestionType_Type], [Metadata]) VALUES (5, N'Teken de algemene stroom van mensen op de kaart (bijlage A).', N'Eventuele opmerkingen:', N'Tekst', NULL)
INSERT INTO [dbo].[Question] ([Id], [Name], [Description], [QuestionType_Type], [Metadata]) VALUES (6, N'Tel het aantal tafels en zitplaatsen bij de foodtrucks', NULL, N'Tekst', NULL)
INSERT INTO [dbo].[Question] ([Id], [Name], [Description], [QuestionType_Type], [Metadata]) VALUES (7, N'Wat beschrijft het beste de sfeer bij het publiek na de shows bij de main stage?', N'-A: De sfeer is grimmig -B: Het publiek is rustig -C: Het publiek is dronken/aangeschoten -D: Het is chaos', N'Tabel', N'["Act","Sfeer"]')
INSERT INTO [dbo].[Question] ([Id], [Name], [Description], [QuestionType_Type], [Metadata]) VALUES (8, N'Geef het aantal mensen in de rij 5 minuten voor het begin van de elke theater show', NULL, N'Tabel', N'["Show","Aantal mensen in rij"]')
INSERT INTO [dbo].[Question] ([Id], [Name], [Description], [QuestionType_Type], [Metadata]) VALUES (9, N'Hoe druk was het bij de WC''s? Maak elk uur een schatting', N'*(Gebruik je inschattingstechniek geleerd op de training dag)', N'Tabel', N'["Tijd","Drukte"]')
INSERT INTO [dbo].[Question] ([Id], [Name], [Description], [QuestionType_Type], [Metadata]) VALUES (10, N'Hoe druk is het bij de Main Stage? Maak elk half uur een schatting', NULL, N'Tabel', N'["Tijd","Drukte"]')
INSERT INTO [dbo].[Question] ([Id], [Name], [Description], [QuestionType_Type], [Metadata]) VALUES (11, N'Hoe druk was het bij de foodtrucks? Maak elk uur een schatting', NULL, N'Tabel', N'["Tijd","Drukte"]')
INSERT INTO [dbo].[Question] ([Id], [Name], [Description], [QuestionType_Type], [Metadata]) VALUES (12, N'Losse opmerkingen', N'Plaats hier eventuele opmerkingen:', N'Tekst', NULL)
INSERT INTO [dbo].[Question] ([Id], [Name], [Description], [QuestionType_Type], [Metadata]) VALUES (13, N'Op een schaal van 1 tot 10 hoe geschikt is de tramkade voor het geven van Festivals?', N'*1 - Niet geschikt, 5 - Het kan maar niet praktisch, 10 - Perfecte plek voor een festival', N'Getal', NULL)
INSERT INTO [dbo].[Question] ([Id], [Name], [Description], [QuestionType_Type], [Metadata]) VALUES (14, N'Geef een indruk van de sfeer impressie bij de mengfabriek. Is de omgeving gezellig aangekleed?', NULL, N'Tekst', NULL)
INSERT INTO [dbo].[Question] ([Id], [Name], [Description], [QuestionType_Type], [Metadata]) VALUES (15, N'Maak een foto van de mooiste graffiti op de voersilo''s. ', NULL, N'Beeld', NULL)
INSERT INTO [dbo].[Question] ([Id], [Name], [Description], [QuestionType_Type], [Metadata]) VALUES (16, N'Meet de afstand tussen de mengfabriek en het werkwarenhuis.', N'Er loopt een steeg tussen de deze 2 panden. Maak om de 5 meter een schatting wat de breedte is van de steeg.', N'Tabel', N'["Afstand in steeg","Breedte van steeg"]')
INSERT INTO [dbo].[Question] ([Id], [Name], [Description], [QuestionType_Type], [Metadata]) VALUES (17, N'Geef aan wat het smalte stuk is van de steeg, waar zit deze en hoe breed is de steeg op dit stuk.', N'Maak een foto van het smalste stuk.', N'Beeld', NULL)
INSERT INTO [dbo].[Question] ([Id], [Name], [Description], [QuestionType_Type], [Metadata]) VALUES (18, N'Tel het aantal tafels bij de mengfabriek.', NULL, N'Tekst', NULL)
INSERT INTO [dbo].[Question] ([Id], [Name], [Description], [QuestionType_Type], [Metadata]) VALUES (19, N'Tel het aantal zitplaatsen bij de mengfabriek.', NULL, N'Tekst', NULL)
INSERT INTO [dbo].[Question] ([Id], [Name], [Description], [QuestionType_Type], [Metadata]) VALUES (20, N'Maak een indicatie wat voor festivals het beste gegeven kunnen worden op dit terrein.', N'A: foodtruck, B: cultureel, C: muziek, D: groot meerdaags, E: anders namelijk', N'Tekst', NULL)
INSERT INTO [dbo].[Question] ([Id], [Name], [Description], [QuestionType_Type], [Metadata]) VALUES (21, N'Weet jij welke band er bij elke act aan het optreden is?', N'De kaaihallen zijn dicht, maar normaliter een mooie plek voor een main stage. Er hangen 4 foto''s aan de deur. 6 opties: Guus meeuwis, metallica, de toppers, adele, lil kleine, lady gaga', N'Tabel', N'["Act","Sfeer"]')
INSERT INTO [dbo].[Question] ([Id], [Name], [Description], [QuestionType_Type], [Metadata]) VALUES (22, N'Hoe druk is het bij de Main stage?', N'Maak bij elke act een schatting. 4 foto''s en dan een schatting.', N'Beeld', NULL)
INSERT INTO [dbo].[Question] ([Id], [Name], [Description], [QuestionType_Type], [Metadata]) VALUES (23, N'Hoe druk was het in het van Aken Restaurant?', N'Maak elk kwartier een schatting', N'Tabel', N'["Tijd","Drukte"]')
INSERT INTO [dbo].[Question] ([Id], [Name], [Description], [QuestionType_Type], [Metadata]) VALUES (24, N'Op een schaal van 1 tot 10, hoe leuk vond je het om op deze manier de applicatie te testen?', N'*1 - Meh, *5 - Wel grappig, *10 - Een stuk leuker dan in een klaslokaal', N'Getal', NULL)
INSERT INTO [dbo].[Question] ([Id], [Name], [Description], [QuestionType_Type], [Metadata]) VALUES (25, N'Losse opmerking', NULL, N'Tekst', NULL)
SET IDENTITY_INSERT [dbo].[Question] OFF

INSERT INTO [dbo].[TemplateQuestion] ([Template_Id], [Question_Id]) VALUES (1, 1)
INSERT INTO [dbo].[TemplateQuestion] ([Template_Id], [Question_Id]) VALUES (1, 2)
INSERT INTO [dbo].[TemplateQuestion] ([Template_Id], [Question_Id]) VALUES (1, 3)
INSERT INTO [dbo].[TemplateQuestion] ([Template_Id], [Question_Id]) VALUES (1, 4)
INSERT INTO [dbo].[TemplateQuestion] ([Template_Id], [Question_Id]) VALUES (1, 5)
INSERT INTO [dbo].[TemplateQuestion] ([Template_Id], [Question_Id]) VALUES (1, 6)
INSERT INTO [dbo].[TemplateQuestion] ([Template_Id], [Question_Id]) VALUES (1, 7)
INSERT INTO [dbo].[TemplateQuestion] ([Template_Id], [Question_Id]) VALUES (1, 8)
INSERT INTO [dbo].[TemplateQuestion] ([Template_Id], [Question_Id]) VALUES (1, 9)
INSERT INTO [dbo].[TemplateQuestion] ([Template_Id], [Question_Id]) VALUES (1, 10)
INSERT INTO [dbo].[TemplateQuestion] ([Template_Id], [Question_Id]) VALUES (1, 11)
INSERT INTO [dbo].[TemplateQuestion] ([Template_Id], [Question_Id]) VALUES (1, 12)
INSERT INTO [dbo].[TemplateQuestion] ([Template_Id], [Question_Id]) VALUES (2, 13)
INSERT INTO [dbo].[TemplateQuestion] ([Template_Id], [Question_Id]) VALUES (2, 14)
INSERT INTO [dbo].[TemplateQuestion] ([Template_Id], [Question_Id]) VALUES (2, 15)
INSERT INTO [dbo].[TemplateQuestion] ([Template_Id], [Question_Id]) VALUES (2, 16)
INSERT INTO [dbo].[TemplateQuestion] ([Template_Id], [Question_Id]) VALUES (2, 17)
INSERT INTO [dbo].[TemplateQuestion] ([Template_Id], [Question_Id]) VALUES (2, 18)
INSERT INTO [dbo].[TemplateQuestion] ([Template_Id], [Question_Id]) VALUES (2, 19)
INSERT INTO [dbo].[TemplateQuestion] ([Template_Id], [Question_Id]) VALUES (2, 20)
INSERT INTO [dbo].[TemplateQuestion] ([Template_Id], [Question_Id]) VALUES (2, 21)
INSERT INTO [dbo].[TemplateQuestion] ([Template_Id], [Question_Id]) VALUES (2, 22)
INSERT INTO [dbo].[TemplateQuestion] ([Template_Id], [Question_Id]) VALUES (2, 23)
INSERT INTO [dbo].[TemplateQuestion] ([Template_Id], [Question_Id]) VALUES (2, 24)
INSERT INTO [dbo].[TemplateQuestion] ([Template_Id], [Question_Id]) VALUES (2, 25)


INSERT INTO [dbo].[InspectionQuestion] ([Inspection_Id], [Question_Id]) VALUES (14, 13)
INSERT INTO [dbo].[InspectionQuestion] ([Inspection_Id], [Question_Id]) VALUES (14, 14)
INSERT INTO [dbo].[InspectionQuestion] ([Inspection_Id], [Question_Id]) VALUES (14, 15)
INSERT INTO [dbo].[InspectionQuestion] ([Inspection_Id], [Question_Id]) VALUES (14, 16)
INSERT INTO [dbo].[InspectionQuestion] ([Inspection_Id], [Question_Id]) VALUES (14, 17)
INSERT INTO [dbo].[InspectionQuestion] ([Inspection_Id], [Question_Id]) VALUES (14, 18)
INSERT INTO [dbo].[InspectionQuestion] ([Inspection_Id], [Question_Id]) VALUES (14, 19)
INSERT INTO [dbo].[InspectionQuestion] ([Inspection_Id], [Question_Id]) VALUES (14, 20)
INSERT INTO [dbo].[InspectionQuestion] ([Inspection_Id], [Question_Id]) VALUES (14, 21)
INSERT INTO [dbo].[InspectionQuestion] ([Inspection_Id], [Question_Id]) VALUES (14, 22)
INSERT INTO [dbo].[InspectionQuestion] ([Inspection_Id], [Question_Id]) VALUES (14, 23)
INSERT INTO [dbo].[InspectionQuestion] ([Inspection_Id], [Question_Id]) VALUES (14, 24)
INSERT INTO [dbo].[InspectionQuestion] ([Inspection_Id], [Question_Id]) VALUES (14, 25)

INSERT INTO [dbo].[Planning] ([Inspection_Id], [Inspector_Id], [Date], [TimeFrom], [TimeTo], [Hours]) VALUES (14, 10, N'2018-01-11 00:00:00', N'14:00:00', N'16:00:00', NULL)
INSERT INTO [dbo].[Planning] ([Inspection_Id], [Inspector_Id], [Date], [TimeFrom], [TimeTo], [Hours]) VALUES (14, 11, N'2018-01-11 00:00:00', N'14:00:00', N'16:00:00', NULL)
INSERT INTO [dbo].[Planning] ([Inspection_Id], [Inspector_Id], [Date], [TimeFrom], [TimeTo], [Hours]) VALUES (14, 12, N'2018-01-11 00:00:00', N'14:00:00', N'16:00:00', NULL)
